Owner,Rank,QB,Points,RB,Points,RB,Points,WR,Points,WR,Points,TE,Points,W/R,Points,K,Points,DEF,Points,BN,Points,BN,Points,BN,Points,BN,Points,BN,Points,BN,Points,RES,Points,Total,Opponent,Opponent Total
Alex,5,P. Mahomes QB - KC ,15.94,S. Barkley RB - PHI ,9.00,D. Henry RB - BAL ,21.90,J. Chase WR - CIN ,24.80,D. Adams WR - LAR ,20.70,S. LaPorta TE - DET ,7.40,J. Waddle WR - DEN ,6.40,E. Pineiro K - SF ,8.00,Chiefs DEF ,7.00,R. Odunze WR - CHI ,7.40,B. Thomas Jr. WR - JAX ,1.80,R. Harvey RB - DEN ,10.70,A. Jones Sr. RB - MIN ,14.20,K. Sadiq TE - NYJ ,23.50,A. Kamara RB - NO ,5.10,D. Stribling WR - SF ,0.00,121.14,Joshua,121.26
Joshua,4,J. Allen QB - BUF ,17.46,Q. Judkins RB - CLE ,9.90,C. Hubbard RB - CAR ,15.00,G. Wilson WR - NYJ ,26.70,J. Downs WR - IND ,12.70,K. Pitts Sr. TE - ATL ,1.50,B. Tuten RB - JAX ,17.00,J. Bates K - DET ,7.00,Broncos DEF ,14.00,P. Nacua WR - LAR ,0.00,N. Collins WR - HOU ,0.00,J. Daniels QB - WSH ,0.00,K. Gainwell RB - TB ,3.00,J. Johnson TE - NO ,23.30,L. Burden III WR - CHI ,19.80,A. Pierce WR - IND ,0.00,121.26,Alex,121.14
Justin,3,J. Hurts QB - PHI ,12.62,B. Robinson RB - ATL ,35.30,B. Hall RB - NYJ ,8.50,C. Olave WR - NO ,19.70,D. Metcalf WR - PIT ,12.10,D. Schultz TE - HOU ,6.00,D. London WR - ATL ,28.40,C. Little K - JAX ,5.00,Steelers DEF ,5.00,T. Etienne Jr. RB - NO ,9.00,C. Tate WR - TEN ,11.80,G. Kittle TE - SF ,26.20,R. Dowdle RB - PIT ,0.00,J. Addison WR - MIN ,20.00,Q. Johnston WR - LAC ,7.00,D. Goedert TE - PHI ,0.00,132.62,Howard,103.22
Howard,7,K. Murray QB - MIN ,10.42,J. Love RB - ARI ,21.90,C. Skattebo RB - NYG ,13.00,J. Jefferson WR - MIN ,5.20,D. Samuel Sr. WR - SF ,15.40,T. Hockenson TE - MIN ,3.10,E. Egbuka WR - TB ,11.20,J. Myers K - SEA ,9.00,Chargers DEF ,14.00,A. Brown WR - NE ,0.00,T. Kelce TE - KC ,13.90,J. Mason RB - MIN ,0.00,T. Tucker WR - LV ,8.30,A. Mitchell WR - NYJ ,0.00,J. Croskey-Merritt RB - WSH ,5.30,-,0.00,103.22,Justin,132.62
Aiden,10,D. Prescott QB - DAL ,18.94,T. Henderson RB - NE ,3.90,D. Montgomery RB - HOU ,6.80,J. Smith-Njigba WR - SEA ,35.36,D. Smith WR - PHI ,12.50,I. Likely TE - NYG ,3.30,D. Achane RB - MIA ,1.70,T. Bass K - BUF ,6.00,Patriots DEF ,0.00,M. Wilson WR - ARI ,25.90,X. Worthy WR - KC ,4.00,B. Nix QB - DEN ,24.14,S. Diggs WR - WSH ,7.30,R. Bateman WR - BAL ,5.70,H. Henry TE - NE ,1.50,J. Jacobs RB - GB ,0.00,88.50,Sean,95.90
Sean,9,T. Shough QB - NO ,23.80,O. Hampton RB - LAC ,5.60,K. Walker III RB - KC ,21.30,L. McConkey WR - LAC ,10.60,P. Washington WR - JAX ,13.00,D. Kincaid TE - BUF ,3.80,J. Coker WR - CAR ,3.80,E. McPherson K - CIN ,11.00,Bengals DEF ,3.00,C. Loveland TE - CHI ,7.10,D. Swift RB - CHI ,10.80,J. Burrow QB - CIN ,22.58,J. Warren RB - PIT ,20.60,D. Vele WR - NO ,6.90,Vikings DEF ,11.00,J. Coleman RB - DEN ,0.00,95.90,Aiden,88.50
Matthew,1,L. Jackson QB - BAL ,20.44,J. Gibbs RB - DET ,41.40,A. Jeanty RB - LV ,12.30,Z. Flowers WR - BAL ,15.40,C. Lamb WR - DAL ,20.20,T. Kraft TE - GB ,6.60,C. Brown RB - CIN ,8.90,H. Butker K - KC ,6.00,Lions DEF ,7.00,C. Sutton WR - DEN ,7.60,R. Stevenson RB - NE ,6.80,M. Andrews TE - BAL ,5.40,J. Meyers WR - JAX ,19.40,M. Pittman Jr. WR - PIT ,3.60,M. Harrison Jr. WR - ARI ,7.00,Z. Charbonnet RB - SEA ,0.00,138.24,Todd,136.68
Todd,2,B. Purdy QB - SF ,31.28,J. Taylor RB - IND ,9.20,K. Williams RB - LAR ,21.80,R. Rice WR - KC ,15.80,T. Higgins WR - CIN ,21.00,T. McBride TE - ARI ,16.50,D. Boston WR - CLE ,8.10,B. Aubrey K - DAL ,11.00,Seahawks DEF ,2.00,D. Moore WR - BUF ,12.70,D. Maye QB - NE ,3.76,M. Evans WR - SF ,12.40,H. Fannin Jr. TE - CLE ,24.10,J. Dobbins RB - DEN ,6.30,B. Young QB - CAR ,13.64,-,0.00,136.68,Matthew,138.24
Luke,8,J. Love QB - GB ,18.48,J. Cook III RB - BUF ,19.40,B. Irving RB - TB ,7.80,A. St. Brown WR - DET ,11.90,M. Nabers WR - NYG ,7.60,T. Warren TE - IND ,14.70,G. Pickens WR - DAL ,15.20,T. Smack K - GB ,2.00,Eagles DEF ,0.00,T. Pollard RB - TEN ,13.60,M. Golden WR - GB ,21.00,C. Williams QB - CHI ,0.00,K. Monangai RB - CHI ,3.10,K. Shakir WR - BUF ,1.60,D. Wicks WR - PHI ,5.20,J. Tyson WR - NO ,0.00,97.08,Ulises,108.14
Ulises,6,J. Herbert QB - LAC ,12.74,C. McCaffrey RB - SF ,21.60,J. Williams RB - DAL ,18.30,T. McMillan WR - CAR ,3.70,J. Williams WR - DET ,8.90,J. Ferguson TE - DAL ,9.30,C. Watson WR - GB ,22.60,C. Santos K - CHI ,9.00,Ravens DEF ,2.00,B. Bowers TE - LV ,27.60,T. McLaurin WR - WSH ,19.70,J. Price RB - SEA ,1.20,R. White RB - WSH ,11.10,J. McMillan WR - TB ,0.00,-,0.00,J. Brooks RB - CAR ,0.00,108.14,Luke,97.08
