TeamName,RegularSeasonRank,Record,PointsFor,PointsAgainst,PlayoffRank,ManagerName,Moves,Trades,DraftPosition
NoMercy Labbers,1,3-1-0,586.18,537.64,0,Matthew,36,1,1
The Booty Clappers,2,3-1-0,450.26,431.36,0,Ulises,3,0,8
Houston Stars,3,3-1-0,429.96,390.62,0,Sean,36,0,10
Wet Grandma,4,2-2-0,555.90,465.76,0,Todd,6,0,5
Team Buzz,5,2-2-0,544.12,561.38,0,Justin,12,0,2
Biggest Buzz Fan,6,2-2-0,453.48,482.90,0,Alex,22,1,6
Beefcakes,7,2-2-0,451.06,386.70,0,Aiden,4,1,4
The Crooglefuggs,8,2-2-0,437.44,481.92,0,Luke,2,0,7
Bad news bombers,9,1-3-0,486.86,528.20,0,Joshua,4,1,3
Fatboys,10,0-4-0,348.32,477.10,0,Howard,12,0,9
