Round,Pick,PlayerId,Player,Position,NFLTeam,FantasyTeam,ManagerName
1,1,4429795,Jahmyr Gibbs,RB,DET,NoMercy Labbers,Matthew
1,2,4362628,Ja'Marr Chase,WR,CIN,Biggest Buzz Fan,Alex
1,3,4242335,Jonathan Taylor,RB,IND,Wet Grandma,Todd
1,4,4262921,Justin Jefferson,WR,MIN,Fatboys,Howard
1,5,4430807,Bijan Robinson,RB,ATL,Team Buzz,Justin
1,6,3117251,Christian McCaffrey,RB,SF,The Booty Clappers,Ulises
1,7,4685382,Omarion Hampton,RB,LAC,Houston Stars,Sean
1,8,4430878,Jaxon Smith-Njigba,WR,SEA,Beefcakes,Aiden
1,9,4426515,Puka Nacua,WR,LAR,Bad news bombers,Joshua
1,10,4374302,Amon-Ra St. Brown,WR,DET,The Crooglefuggs,Luke
2,1,4379399,James Cook III,RB,BUF,The Crooglefuggs,Luke
2,2,4241389,CeeDee Lamb,WR,DAL,Bad news bombers,Joshua
2,3,4429160,De'Von Achane,RB,MIA,Beefcakes,Aiden
2,4,4567048,Kenneth Walker III,RB,KC,Houston Stars,Sean
2,5,4432665,Brock Bowers,TE,LV,The Booty Clappers,Ulises
2,6,4426502,Drake London,WR,ATL,Team Buzz,Justin
2,7,4047646,A.J. Brown,WR,NE,Fatboys,Howard
2,8,4361307,Trey McBride,TE,ARI,Wet Grandma,Todd
2,9,3929630,Saquon Barkley,RB,PHI,Biggest Buzz Fan,Alex
2,10,4362238,Chase Brown,RB,CIN,NoMercy Labbers,Matthew
3,1,4890973,Ashton Jeanty,RB,LV,NoMercy Labbers,Matthew
3,2,3043078,Derrick Henry,RB,BAL,Biggest Buzz Fan,Alex
3,3,4428331,Rashee Rice,WR,KC,Wet Grandma,Todd
3,4,4870808,Jeremiyah Love,RB,ARI,Fatboys,Howard
3,5,4427366,Breece Hall,RB,NYJ,Team Buzz,Justin
3,6,4361579,Javonte Williams,RB,DAL,The Booty Clappers,Ulises
3,7,4723086,Colston Loveland,TE,CHI,Houston Stars,Sean
3,8,4047365,Josh Jacobs,RB,GB,Beefcakes,Aiden
3,9,4258173,Nico Collins,WR,HOU,Bad news bombers,Joshua
3,10,4426354,George Pickens,WR,DAL,The Crooglefuggs,Luke
4,1,4595348,Malik Nabers,WR,NYG,The Crooglefuggs,Luke
4,2,3918298,Josh Allen,QB,BUF,Bad news bombers,Joshua
4,3,4241478,DeVonta Smith,WR,PHI,Beefcakes,Aiden
4,4,4612826,Ladd McConkey,WR,LAC,Houston Stars,Sean
4,5,4685472,Tetairoa McMillan,WR,CAR,The Booty Clappers,Ulises
4,6,4361370,Chris Olave,WR,NO,Team Buzz,Justin
4,7,4567750,Emeka Egbuka,WR,TB,Fatboys,Howard
4,8,4430737,Kyren Williams,RB,LAR,Wet Grandma,Todd
4,9,16800,Davante Adams,WR,LAR,Biggest Buzz Fan,Alex
4,10,4569618,Garrett Wilson,WR,NYJ,NoMercy Labbers,Matthew
5,1,4429615,Zay Flowers,WR,BAL,NoMercy Labbers,Matthew
5,2,4372016,Jaylen Waddle,WR,DEN,Biggest Buzz Fan,Alex
5,3,3915416,DJ Moore,WR,BUF,Wet Grandma,Todd
5,4,4696981,Cam Skattebo,RB,NYG,Fatboys,Howard
5,5,4239996,Travis Etienne Jr.,RB,NO,Team Buzz,Justin
5,6,4426388,Jameson Williams,WR,DET,The Booty Clappers,Ulises
5,7,4259545,D'Andre Swift,RB,CHI,Houston Stars,Sean
5,8,4432710,TreVeyon Henderson,RB,NE,Beefcakes,Aiden
5,9,4685702,Quinshon Judkins,RB,CLE,Bad news bombers,Joshua
5,10,4596448,Bucky Irving,RB,TB,The Crooglefuggs,Luke
6,1,4431459,Tyler Warren,TE,IND,The Crooglefuggs,Luke
6,2,4882093,Bhayshul Tuten,RB,JAX,Bad news bombers,Joshua
6,3,4430027,Sam LaPorta,TE,DET,Beefcakes,Aiden
6,4,4432620,Parker Washington,WR,JAX,Houston Stars,Sean
6,5,3121422,Terry McLaurin,WR,WSH,The Booty Clappers,Ulises
6,6,4871023,Carnell Tate,WR,TEN,Team Buzz,Justin
6,7,15847,Travis Kelce,TE,KC,Fatboys,Howard
6,8,4239993,Tee Higgins,WR,CIN,Wet Grandma,Todd
6,9,4431299,Rome Odunze,WR,CHI,Biggest Buzz Fan,Alex
6,10,3916387,Lamar Jackson,QB,BAL,NoMercy Labbers,Matthew
7,1,4685278,Luther Burden III,WR,CHI,NoMercy Labbers,Matthew
7,2,4035538,David Montgomery,RB,HOU,Biggest Buzz Fan,Alex
7,3,4431452,Drake Maye,QB,NE,Wet Grandma,Todd
7,4,4689114,Jaxson Dart,QB,NYG,Fatboys,Howard
7,5,3040151,George Kittle,TE,SF,Team Buzz,Justin
7,6,4685512,Jadarian Price,RB,SEA,The Booty Clappers,Ulises
7,7,3915511,Joe Burrow,QB,CIN,Houston Stars,Sean
7,8,2577417,Dak Prescott,QB,DAL,Beefcakes,Aiden
7,9,4360248,Kyle Pitts Sr.,TE,ATL,Bad news bombers,Joshua
7,10,4880281,Jordyn Tyson,WR,NO,The Crooglefuggs,Luke
8,1,3916148,Tony Pollard,RB,TEN,The Crooglefuggs,Luke
8,2,4426348,Jayden Daniels,QB,WSH,Bad news bombers,Joshua
8,3,4360761,Michael Wilson,WR,ARI,Beefcakes,Aiden
8,4,4710714,De'Zhaun Stribling,WR,SF,Houston Stars,Sean
8,5,4038941,Justin Herbert,QB,LAC,The Booty Clappers,Ulises
8,6,4040715,Jalen Hurts,QB,PHI,Team Buzz,Justin
8,7,4432708,Marvin Harrison Jr.,WR,ARI,Fatboys,Howard
8,8,16737,Mike Evans,WR,SF,Wet Grandma,Todd
8,9,4432773,Brian Thomas Jr.,WR,JAX,Biggest Buzz Fan,Alex
8,10,4572680,Tucker Kraft,TE,GB,NoMercy Labbers,Matthew
9,1,3128429,Courtland Sutton,WR,DEN,NoMercy Labbers,Matthew
9,2,4035687,Michael Pittman Jr.,WR,PIT,Biggest Buzz Fan,Alex
9,3,5083076,Harold Fannin Jr.,TE,CLE,Wet Grandma,Todd
9,4,4036133,T.J. Hockenson,TE,MIN,Fatboys,Howard
9,5,4047650,DK Metcalf,WR,PIT,Team Buzz,Justin
9,6,4248528,Christian Watson,WR,GB,The Booty Clappers,Ulises
9,7,4870653,KC Concepcion,WR,CLE,Houston Stars,Sean
9,8,4361050,Isaiah Likely,TE,NYG,Beefcakes,Aiden
9,9,4360078,Alec Pierce,WR,IND,Bad news bombers,Joshua
9,10,4701936,Matthew Golden,WR,GB,The Crooglefuggs,Luke
10,1,4431611,Caleb Williams,QB,CHI,The Crooglefuggs,Luke
10,2,4360310,Trevor Lawrence,QB,JAX,Bad news bombers,Joshua
10,3,4683062,Xavier Worthy,WR,KC,Beefcakes,Aiden
10,4,4569987,Jaylen Warren,RB,PIT,Houston Stars,Sean
10,5,4678008,Jonathon Brooks,RB,CAR,The Booty Clappers,Ulises
10,6,4038815,Rico Dowdle,RB,PIT,Team Buzz,Justin
10,7,3042519,Aaron Jones Sr.,RB,MIN,Fatboys,Howard
10,8,4241985,J.K. Dobbins,RB,DEN,Wet Grandma,Todd
10,9,3139477,Patrick Mahomes,QB,KC,Biggest Buzz Fan,Alex
10,10,4241416,Chuba Hubbard,RB,CAR,NoMercy Labbers,Matthew
11,1,4569173,Rhamondre Stevenson,RB,NE,NoMercy Labbers,Matthew
11,2,4242355,Jake Ferguson,TE,DAL,Biggest Buzz Fan,Alex
11,3,4870795,Makai Lemon,WR,PHI,Wet Grandma,Todd
11,4,3917315,Kyler Murray,QB,MIN,Fatboys,Howard
11,5,4688813,Josh Downs,WR,IND,Team Buzz,Justin
11,6,4685415,Travis Hunter,WR,JAX,The Booty Clappers,Ulises
11,7,-16034,Texans D/ST,D/ST,HOU,Houston Stars,Sean
11,8,4426338,Bo Nix,QB,DEN,Beefcakes,Aiden
11,9,4361741,Brock Purdy,QB,SF,Bad news bombers,Joshua
11,10,4608686,Kyle Monangai,RB,CHI,The Crooglefuggs,Luke
12,1,4373678,Khalil Shakir,WR,BUF,The Crooglefuggs,Luke
12,2,3916433,Jakobi Meyers,WR,JAX,Bad news bombers,Joshua
12,3,4569587,Wan'Dale Robinson,WR,TEN,Beefcakes,Aiden
12,4,-16014,Rams D/ST,D/ST,LAR,Houston Stars,Sean
12,5,4697815,Rachaad White,RB,WSH,The Booty Clappers,Ulises
12,6,4429205,Jordan Addison,WR,MIN,Team Buzz,Justin
12,7,3116165,Chris Godwin Jr.,WR,TB,Fatboys,Howard
12,8,3953687,Brandon Aubrey,K,DAL,Wet Grandma,Todd
12,9,4568490,RJ Harvey,RB,DEN,Biggest Buzz Fan,Alex
12,10,12483,Matthew Stafford,QB,LAR,NoMercy Labbers,Matthew
13,1,4426385,Zach Charbonnet,RB,SEA,NoMercy Labbers,Matthew
13,2,5083315,Kenyon Sadiq,TE,NYJ,Biggest Buzz Fan,Alex
13,3,-16026,Seahawks D/ST,D/ST,SEA,Wet Grandma,Todd
13,4,3126486,Deebo Samuel Sr.,WR,SF,Fatboys,Howard
13,5,-16023,Steelers D/ST,D/ST,PIT,Team Buzz,Justin
13,6,4430834,Jalen McMillan,WR,TB,The Booty Clappers,Ulises
13,7,2971573,Ka'imi Fairbairn,K,HOU,Houston Stars,Sean
13,8,4362081,Cameron Dicker,K,LAC,Beefcakes,Aiden
13,9,4371733,Kenny Gainwell,RB,TB,Bad news bombers,Joshua
13,10,4036378,Jordan Love,QB,GB,The Crooglefuggs,Luke
14,1,-16021,Eagles D/ST,D/ST,PHI,The Crooglefuggs,Luke
14,2,-16007,Broncos D/ST,D/ST,DEN,Bad news bombers,Joshua
14,3,-16017,Patriots D/ST,D/ST,NE,Beefcakes,Aiden
14,4,4686361,Cam Little,K,JAX,Houston Stars,Sean
14,5,-16033,Ravens D/ST,D/ST,BAL,The Booty Clappers,Ulises
14,6,4574716,Harrison Mevis,K,LAR,Team Buzz,Justin
14,7,-16024,Chargers D/ST,D/ST,LAC,Fatboys,Howard
14,8,4575131,Jacory Croskey-Merritt,RB,WSH,Wet Grandma,Todd
14,9,-16005,Browns D/ST,D/ST,CLE,Biggest Buzz Fan,Alex
14,10,3055899,Harrison Butker,K,KC,NoMercy Labbers,Matthew
15,1,-16012,Chiefs D/ST,D/ST,KC,NoMercy Labbers,Matthew
15,2,4034949,Eddy Pineiro,K,SF,Biggest Buzz Fan,Alex
15,3,3052587,Baker Mayfield,QB,TB,Wet Grandma,Todd
15,4,2473037,Jason Myers,K,SEA,Fatboys,Howard
15,5,3121023,Dallas Goedert,TE,PHI,Team Buzz,Justin
15,6,17427,Cairo Santos,K,CHI,The Booty Clappers,Ulises
15,7,4360635,Chig Okonkwo,TE,WSH,Houston Stars,Sean
15,8,2976212,Stefon Diggs,WR,WSH,Beefcakes,Aiden
15,9,4689936,Jake Bates,K,DET,Bad news bombers,Joshua
15,10,4869461,Trey Smack,K,GB,The Crooglefuggs,Luke
